magnitude,depth,cdi,mmi,sig,alert
7,14,8,7,0,green
6.9,25,4,4,-33,green
7,579,3,3,-13,green
7.3,37,5,5,65,green
6.6,624,0,2,-98,green
7,660,4,3,-13,green
6.8,630,1,3,-57,green
6.7,20,7,6,29,green
6.8,20,8,7,-101,yellow
7.6,26,9,8,7,yellow
6.9,10,9,9,119,yellow
6.5,10,7,7,-12,green
7,137,7,5,-7,green
7.6,116,8,8,-59,yellow
6.6,12,9,8,19,orange
6.6,30,7,6,-96,green
7,33,9,8,71,yellow
6.5,622,3,2,-115,green
7.2,236,7,5,108,green
6.9,10,2,5,-35,green
6.8,220,6,5,-6,green
6.6,27,6,5,-6,green
7,10,6,4,-5,green
6.9,10,6,4,-30,green
6.7,24,8,7,38,green
7.3,41,9,8,93,red
6.7,28,9,6,-60,green
6.6,24,2,7,-98,green
6.8,535,2,3,-56,green
6.5,110,8,6,-78,green
6.5,8,7,4,-117,green
6.6,33,8,6,17,green
6.6,19,8,5,-94,green
6.8,20,7,6,-38,green
6.6,21,6,6,-48,green
6.6,13,9,8,-12,orange
7.3,165,8,7,-103,green
7.3,14,9,5,86,green
7.5,126,8,8,70,yellow
6.6,12,7,4,-80,green
6.9,51,8,6,-29,green
6.9,535,4,3,-28,green
7.3,527,4,4,58,green
6.5,21,7,5,-84,green
7,20,8,8,-56,red
7.1,6,1,4,8,green
6.6,7,1,3,-98,green
6.9,93,8,7,-27,green
6.9,16,6,4,-34,green
7.2,10,9,8,27,red
6.9,33,5,4,-30,green
6.9,20,5,4,-30,green
8.1,22,0,7,-15,green
7.5,47,9,6,100,green
7.1,55,9,7,78,green
8.2,46,8,6,-43,green
8.2,35,8,7,-28,yellow
6.7,110,8,5,-89,green
6.7,10,6,6,62,green
6.5,25,0,4,-118,green
6.5,10,5,7,-116,green
7.3,10,9,9,1,orange
6.7,11,8,4,-70,green
6.7,10,9,3,-74,green
6.9,43,7,6,-105,green
6.5,246,4,4,-117,green
6.5,301,6,4,-116,green
7,43,7,7,28,yellow
6.6,13,5,5,-96,green
6.5,24,0,4,-118,green
8.1,28,9,8,-3,green
7.4,43,3,7,75,green
7.3,10,7,6,-92,green
7.1,43,9,8,76,orange
7.7,10,9,4,-106,green
6.9,15,9,5,-29,green
7,80,7,5,34,green
6.7,10,8,8,8,green
6.7,10,5,5,8,green
7,21,8,7,-9,orange
7.6,28,9,7,-115,yellow
6.9,10,0,3,-36,green
6.5,16,6,6,-94,green
6.8,21,6,7,56,green
6.5,10,4,5,-117,green
6.9,624,4,3,-19,green
6.9,26,4,4,-33,green
6.8,22,5,4,-52,green
6.6,10,9,8,16,yellow
7.8,28,9,7,87,green
7,73,6,7,52,green
6.6,533,4,2,-84,green
7.4,20,8,8,-42,orange
7.4,10,7,7,105,green
6.6,165,5,4,-34,green
6.8,112,6,6,67,green
6.5,2,7,8,40,green
6.6,107,4,6,-97,green
6.8,96,4,6,-30,green
6.5,10,7,6,-90,green
6.5,12,8,8,-126,green
7.5,57,6,5,111,green
7,143,5,6,2,yellow
7.7,14,9,6,20,yellow
6.7,10,8,9,-33,orange
6.8,18,9,7,57,yellow
7.1,33,6,6,31,green
6.5,577,0,2,-118,green
6.6,10,4,4,-95,green
6.5,10,9,7,-35,green
6.6,15,9,7,12,yellow
6.7,11,7,6,76,green
6.5,12,7,7,-112,yellow
6.6,16,0,4,-98,green
6.9,49,4,6,107,green
6.8,25,6,6,-77,green
6.6,181,0,4,-98,green
7.2,18,7,7,41,green
6.6,10,5,5,23,green
6.9,35,7,5,-21,green
7.1,8,9,9,110,yellow
7.3,212,4,6,-72,green
7.3,46,8,6,62,green
6.6,57,7,6,118,yellow
8,122,9,8,98,orange
7.6,10,7,7,-95,green
7.1,146,7,6,58,yellow
6.8,15,5,6,-51,green
6.5,38,0,5,-118,green
7,267,7,4,101,green
7.5,145,7,7,121,yellow
6.7,66,6,6,-115,yellow
6.7,13,0,3,-77,green
6.7,63,8,8,64,orange
6.6,35,5,4,-97,green
6.6,43,2,4,-96,green
6.8,570,3,3,-53,green
7,60,5,5,35,green
7.3,16,3,7,54,green
7.1,133,0,5,8,green
6.6,10,0,4,-98,green
7.5,10,3,6,103,green
7.1,46,8,8,-2,orange
6.8,540,0,3,-57,green
6.7,10,3,4,-75,green
6.8,14,8,7,-70,yellow
6.5,10,2,4,-113,green
6.8,10,4,4,8,green
6.5,10,3,4,-99,green
6.5,17,0,4,-118,green
6.7,461,0,3,-77,green
6.5,20,0,4,-118,green
7,39,6,6,-10,green
6.7,550,2,3,-77,green
7.5,20,8,8,-22,red
6.5,576,4,1,-117,green
6.9,115,3,4,-33,green
6.5,68,3,6,-117,green
7.9,670,7,4,-45,green
6.6,35,8,9,51,orange
7.1,21,2,5,8,green
7.1,630,0,3,8,green
6.5,9,6,7,-116,green
7.3,146,8,6,34,yellow
6.9,21,7,7,-74,green
8.2,600,5,4,26,green
6.5,529,5,3,-25,green
6.5,33,6,6,-113,green
6.9,34,9,8,-88,orange
6.9,5,7,8,112,yellow
6.8,559,5,3,-35,green
6.9,35,9,6,-27,green
6.7,40,5,6,-72,green
6.8,22,6,6,-49,green
6.7,20,8,7,-71,green
7.5,25,9,8,-81,yellow
7.2,22,7,7,104,yellow
7.9,14,9,4,78,green
7.1,39,9,7,51,green
7.5,19,8,5,87,green
6.5,90,8,7,-26,green
6.5,17,1,5,-117,green
7,10,4,6,3,green
6.6,13,4,5,-92,green
6.5,19,8,8,-127,yellow
7.3,19,8,9,-26,red
6.5,110,6,5,-107,green
6.8,10,5,5,-41,green
6.6,22,3,5,-94,green
6.7,24,3,4,-77,green
6.7,553,3,3,-74,green
6.5,119,3,5,-117,green
8.2,47,9,7,94,red
6.5,9,5,7,-61,yellow
6.6,7,7,7,40,yellow
7.7,10,8,7,-106,green
6.6,10,5,4,-64,green
6.5,9,9,8,-28,yellow
6.8,38,6,6,10,yellow
6.9,93,8,6,-92,yellow
6.8,5,0,4,-57,green
6.6,12,7,7,-90,green
6.5,15,0,4,-118,green
6.8,169,6,5,-55,green
6.9,26,9,6,46,green
6.9,28,9,7,106,yellow
6.5,29,7,8,17,green
6.6,17,6,7,-97,yellow
6.9,414,2,3,-35,green
6.5,595,3,3,-115,green
6.5,15,8,7,-50,yellow
7.9,135,9,7,-37,yellow
6.5,36,6,6,-114,green
7.3,627,6,3,81,green
6.9,12,6,4,-26,green
7.6,38,9,8,-128,yellow
6.7,152,5,5,-42,green
7.9,94,9,7,-52,yellow
6.9,19,8,6,-31,green
6.5,12,0,5,-118,green
7.8,40,9,8,-63,green
6.6,8,5,4,96,green
6.5,13,9,8,-37,yellow
6.6,17,8,7,-75,green
6.9,10,5,4,87,green
6.9,9,9,6,120,green
6.5,9,7,7,-104,yellow
6.5,10,6,7,-112,yellow
7.8,15,9,9,9,orange
6.6,8,9,8,24,red
6.6,614,3,3,-91,green
6.8,42,3,6,-52,green
6.9,596,2,3,-35,green
7,19,5,6,-127,green
6.8,476,4,3,-55,green
6.8,82,6,6,-43,yellow
7.2,16,6,5,31,green
7.7,196,5,6,-53,green
6.6,50,4,6,-97,green
7.2,78,1,6,30,green
6.9,405,3,3,-35,green
6.9,29,8,7,12,green
6.7,16,5,7,-24,green
7,24,7,7,-13,green
7.8,20,9,9,-117,orange
7,10,9,9,26,red
6.9,136,6,6,-121,yellow
6.6,212,6,4,-30,green
6.7,27,7,5,-76,green
6.7,24,7,6,-77,green
6.9,26,7,6,-34,green
7.8,24,4,3,-76,green
7.2,177,3,7,31,green
7.1,125,7,7,-40,green
6.6,10,3,4,-95,green
6.7,46,5,6,-51,green
6.5,13,3,6,-117,green
6.7,55,8,7,-21,orange
6.6,85,8,6,-3,green
6.9,21,8,5,-30,green
7.2,22,4,7,59,green
6.7,602,2,3,-77,green
7.6,620,5,4,-128,green
7.6,606,6,5,-67,green
6.8,12,5,6,-53,green
6.5,11,7,7,-6,orange
6.7,12,5,4,-66,green
6.9,10,5,6,-24,green
6.9,12,6,6,-7,green
6.6,10,7,4,-93,green
6.8,46,7,7,73,green
6.5,20,5,7,-111,green
7.5,231,8,7,-88,orange
7.1,135,6,6,12,green
6.6,18,7,7,-97,green
6.6,35,5,7,52,green
6.7,23,5,7,-50,green
6.5,27,6,7,-111,green
7,28,8,7,31,green
8.3,22,9,8,-88,orange
6.7,10,5,5,-60,green
6.5,6,0,5,-118,green
6.6,22,3,5,-97,green
7,48,9,7,-6,green
6.9,29,4,7,-34,green
7,11,8,6,-9,green
6.5,20,4,4,-82,green
6.7,12,4,5,-77,green
6.5,460,3,4,-116,green
7.8,664,6,3,127,green
6.8,72,5,6,-6,green
6.8,10,1,5,-57,green
6.9,11,1,4,-36,green
6.8,11,1,4,-57,green
6.8,35,8,6,63,green
7.3,15,8,7,27,orange
7.1,10,1,6,8,green
7.5,55,7,8,101,green
6.8,44,5,6,-54,green
6.7,31,5,6,-76,green
6.7,22,7,7,-8,yellow
6.6,10,8,7,-35,yellow
7.8,8,8,9,4,red
6.5,10,0,5,-118,green
6.5,11,2,5,-118,green
7.5,41,6,7,104,green
7,552,4,6,-8,green
6.7,23,5,5,-54,green
6.7,223,4,6,-68,green
6.8,219,1,4,-57,green
6.5,8,1,4,-118,green
6.6,20,7,6,-59,green
6.6,23,1,5,-98,green
6.6,614,1,3,-98,green
6.8,39,6,5,-55,green
6.5,35,5,5,-116,green
6.7,22,7,4,-70,green
7.1,45,4,6,11,green
6.6,53,2,6,-97,green
7.1,434,3,6,8,green
7.3,40,8,6,-42,yellow
6.7,130,5,5,-44,green
6.8,101,6,6,-27,green
6.9,13,0,4,-36,green
6.9,615,0,6,-36,green
6.5,20,5,4,-62,green
6.9,53,8,7,55,orange
6.5,20,0,4,-118,green
6.7,18,0,5,-77,green
6.9,8,0,5,-36,green
7.9,109,6,8,-61,green
6.7,26,0,5,-77,green
6.5,10,0,5,-118,green
6.9,20,0,5,-36,green
6.9,6,9,7,-73,green
6.5,10,7,5,-74,green
6.6,106,0,5,-98,green
6.5,10,4,6,70,green
7.5,43,0,6,97,green
6.6,29,0,6,-98,green
7.2,24,8,7,-7,yellow
6.6,10,0,6,-98,green
7.4,39,0,6,74,green
7.6,22,0,7,121,green
6.6,135,6,5,-91,green
6.5,20,0,6,-118,green
7.1,60,0,7,8,green
7.7,22,8,9,33,yellow
6.5,24,7,7,-98,green
6.9,28,0,5,-36,green
8.2,25,9,8,52,yellow
6.7,20,7,7,-50,green
6.8,16,5,5,-69,green
6.5,119,4,5,-100,green
6.5,14,5,4,-87,green
6.9,10,3,8,-35,yellow
6.5,122,0,5,-118,green
6.5,44,0,3,-118,green
6.5,187,0,4,-118,green
6.5,371,3,4,-117,green
7.7,10,1,8,-112,green
6.9,9,0,5,-36,green
6.6,27,6,7,-45,green
7.1,35,6,4,104,green
6.6,9,8,5,-76,green
6.8,35,0,6,-57,green
7.1,19,9,8,68,orange
6.6,40,5,6,-77,yellow
6.7,573,0,3,-77,green
6.5,41,0,4,-118,green
6.8,12,7,7,-19,orange
7.1,40,8,7,75,green
7.7,15,5,8,-33,red
6.5,20,0,6,-118,green
6.5,402,5,3,-29,green
6.5,112,4,5,-100,green
7,29,5,6,-10,green
6.5,8,9,7,-78,yellow
6.7,12,4,5,-53,green
6.5,17,6,7,-75,yellow
7.3,11,0,6,52,green
6.6,56,4,6,-94,green
7.3,385,0,4,52,green
6.6,10,0,7,-98,green
6.5,30,5,6,-89,green
6.7,9,5,4,-58,green
6.7,624,0,3,-77,green
8.3,598,5,5,91,green
7.4,173,0,6,74,green
6.8,602,0,3,-57,green
6.5,10,0,6,-118,green
6.6,14,8,8,35,red
7.2,110,5,7,36,green
6.6,13,7,7,-96,green
7.7,80,8,8,-115,yellow
6.6,31,0,5,-98,green
7,66,3,7,-13,green
6.5,28,0,6,-118,green
6.5,29,3,6,-117,green
6.9,41,5,6,-32,green
6.6,11,0,7,-98,green
6.6,18,0,6,-98,green
6.9,145,5,5,-120,green
7.1,21,9,6,12,green
6.8,12,0,7,-57,green
6.7,11,0,6,-77,green
7,8,0,6,-14,green
7.1,10,0,5,8,green
8,24,8,7,-31,green
6.9,107,6,7,46,yellow
6.8,45,6,7,3,green
7.4,24,8,7,-81,yellow
8.2,25,9,6,-67,green
8.6,20,9,7,0,yellow
7.2,9,9,9,94,red
7.02,32,8,7,62,orange
7.07,20,8,8,66,orange
7.3,14,8,7,23,orange
7.06,10,9,8,7,orange
6.77,11,7,7,-17,orange
6.98,23,8,7,-9,orange
7.36,10,9,9,1,orange
6.9,18,8,7,-9,orange
6.97,41,8,7,59,orange
7.17,79,8,7,-17,orange
8.02,20,9,8,-104,orange
6.75,32,7,7,-19,orange
6.72,44,7,7,-20,orange
8.22,21,8,8,-83,orange
7.26,18,8,7,29,orange
7.28,15,8,7,31,orange
7.19,14,8,8,-2,orange
6.84,11,9,8,12,orange
6.83,17,7,7,-7,orange
6.96,40,8,8,69,orange
7.68,14,9,8,10,orange
7.5,20,8,8,-47,orange
6.96,19,7,7,-11,orange
6.82,14,7,7,-18,orange
7.92,115,9,8,96,orange
6.79,12,9,8,17,orange
7.35,15,8,7,25,orange
6.78,46,8,7,-47,orange
7,20,8,7,-9,orange
6.69,10,8,8,-30,orange
6.57,12,8,7,-9,orange
6.9,33,8,8,-87,orange
6.92,19,7,7,-8,orange
6.91,16,7,7,-13,orange
7.19,13,8,8,-49,orange
6.77,24,8,8,-8,orange
7.14,14,8,7,25,orange
6.76,16,8,8,-48,orange
6.79,58,8,8,66,orange
7.46,15,8,7,21,orange
6.75,49,8,7,-37,orange
7.34,13,8,8,3,orange
6.71,11,9,8,16,orange
7.01,13,9,8,15,orange
7.12,13,9,8,14,orange
7.09,43,8,7,-2,orange
7.36,13,9,8,12,orange
6.68,39,8,8,52,orange
6.85,14,7,7,-16,orange
7.28,15,8,7,27,orange
7.6,15,8,8,16,orange
7.22,10,9,8,2,orange
6.78,29,8,8,57,orange
6.84,49,8,7,54,orange
6.7,12,7,7,-15,orange
6.77,16,8,7,-10,orange
7.04,37,8,7,-31,orange
7.73,105,8,8,88,orange
7.1,25,9,8,70,orange
6.57,11,8,7,11,orange
8.26,21,8,8,-86,orange
6.77,47,8,7,-44,orange
7.25,11,8,8,0,orange
7.26,10,9,8,0,orange
6.87,12,7,7,-22,orange
7.06,42,8,8,73,orange
7.04,13,9,8,15,orange
7.51,227,8,7,-88,orange
7.76,15,8,8,10,orange
6.81,42,8,7,-59,orange
7.09,46,8,7,-2,orange
7.09,20,8,8,67,orange
6.94,19,8,7,-9,orange
7.07,38,8,7,-4,orange
6.62,10,7,8,-22,orange
6.93,19,7,7,-8,orange
7.25,175,8,7,-66,orange
7.78,111,8,8,92,orange
6.77,26,7,7,-4,orange
7.29,15,8,7,29,orange
6.53,11,7,7,1,orange
7.28,13,9,8,13,orange
6.59,12,8,7,-11,orange
6.66,52,8,8,58,orange
6.6,12,8,7,-12,orange
6.59,11,8,7,15,orange
6.65,49,8,8,57,orange
7.3,10,8,8,4,orange
6.84,12,7,7,-2,orange
7.1,26,9,8,70,orange
7.25,14,7,7,-39,orange
6.84,47,8,8,65,orange
6.79,13,8,8,-25,orange
6.62,21,8,7,-13,orange
6.83,12,9,8,17,orange
7.25,20,8,7,30,orange
7.03,20,8,7,-8,orange
6.89,12,7,7,10,orange
7.45,30,8,8,3,orange
6.74,11,9,8,15,orange
6.89,32,8,7,-13,orange
6.85,18,7,7,-8,orange
7.9,20,9,8,-111,orange
6.73,12,9,8,17,orange
7.7,87,9,8,87,orange
7.61,151,8,7,-98,orange
6.62,11,7,7,-4,orange
6.74,10,7,8,-27,orange
7.48,223,8,7,-88,orange
6.83,38,8,8,62,orange
7.16,15,8,8,-3,orange
7.2,17,8,8,-39,orange
7.35,14,8,8,-55,orange
6.89,34,8,7,-85,orange
6.8,11,7,7,-19,orange
6.86,54,8,7,56,orange
7.26,20,8,7,-30,orange
7.21,10,9,8,3,orange
7.01,37,8,7,44,orange
7.18,19,8,7,-4,orange
7.95,19,8,8,-76,orange
6.95,49,8,7,-9,orange
6.66,12,9,8,-10,orange
8.25,21,8,8,-85,orange
6.97,13,8,7,23,orange
6.91,16,7,7,-13,orange
6.85,18,8,7,-10,orange
7.65,20,8,8,-54,orange
6.53,11,7,7,-5,orange
6.89,10,7,7,-2,orange
7.24,174,8,7,-66,orange
6.92,19,8,7,-9,orange
6.65,10,7,8,-25,orange
6.61,10,7,8,-21,orange
6.69,10,8,8,-31,orange
6.61,12,8,7,18,orange
6.61,12,8,7,-12,orange
6.93,47,8,7,57,orange
6.84,56,8,7,57,orange
7.07,17,8,8,-29,orange
6.63,12,8,7,-13,orange
6.81,49,8,7,-24,orange
6.78,46,8,7,-17,orange
7.57,12,9,9,5,orange
6.91,17,8,7,-15,orange
6.63,11,8,8,-19,orange
7.3,37,8,8,1,orange
6.81,12,7,7,-18,orange
6.91,12,9,8,16,orange
7.8,20,8,8,-62,orange
7.33,79,8,7,71,orange
6.98,38,8,7,60,orange
6.8,52,8,8,64,orange
7.17,17,8,7,53,orange
7.24,31,9,8,-88,orange
7.29,14,8,7,26,orange
6.68,10,7,8,-29,orange
7.76,15,8,8,8,orange
6.91,51,8,7,55,orange
6.67,32,8,8,53,orange
7.03,28,8,7,-6,orange
6.74,15,7,7,-7,orange
6.67,11,9,8,17,orange
6.94,13,8,7,22,orange
6.79,16,8,7,5,orange
8.04,20,8,7,-76,orange
7.17,14,8,8,-3,orange
7.02,32,8,7,62,orange
7.03,15,7,7,-27,orange
7.04,11,9,8,-3,orange
6.51,11,7,7,-6,orange
7.04,10,9,8,7,orange
7.36,15,7,7,-44,orange
6.9,52,8,8,70,orange
7.19,10,8,8,0,orange
6.8,46,8,7,53,orange
7.59,14,8,8,6,orange
6.89,53,8,7,55,orange
6.97,40,8,7,59,orange
6.61,34,8,8,51,orange
6.78,58,8,7,60,orange
6.51,11,7,7,-4,orange
6.9,26,8,8,40,orange
6.91,25,8,8,61,orange
6.87,15,7,7,-15,orange
7.01,34,8,7,62,orange
6.75,10,7,8,-26,orange
6.64,11,9,8,17,orange
6.66,52,8,8,58,orange
7.02,20,8,7,-10,orange
6.82,68,8,8,67,orange
7.16,10,9,8,-1,orange
6.71,10,7,8,-32,orange
6.74,54,8,7,-19,orange
6.9,33,8,8,-86,orange
8.17,23,9,8,-88,orange
6.85,15,8,8,-21,orange
7.84,20,9,8,-114,orange
6.83,56,8,8,67,orange
7.21,22,8,7,32,orange
7.77,14,9,8,9,orange
7.63,22,9,8,-111,orange
6.57,12,8,7,-10,orange
7.31,19,8,8,-38,orange
6.84,15,8,8,-21,orange
6.93,17,7,7,-12,orange
7.05,24,8,8,67,orange
8.09,77,8,7,-88,orange
6.68,12,7,7,-13,orange
7.46,14,9,8,11,orange
6.72,47,7,7,-20,orange
7.68,15,8,8,13,orange
7.01,12,8,8,-43,orange
6.9,52,8,7,55,orange
7.3,13,9,8,13,orange
6.79,46,8,7,53,orange
7.14,14,8,7,25,orange
7.2,17,7,7,-34,orange
6.68,12,9,8,18,orange
7.19,10,8,8,0,orange
6.93,37,8,8,66,orange
7.13,10,9,8,5,orange
6.95,44,8,7,58,orange
7.7,19,8,8,-106,orange
6.97,24,8,7,-10,orange
7.1,15,7,7,-30,orange
7.18,10,9,8,-1,orange
7.42,14,9,8,12,orange
7.01,60,8,7,59,orange
6.78,45,8,7,53,orange
6.6,35,8,8,51,orange
6.62,12,8,7,-12,orange
6.74,58,8,8,64,orange
7.1,17,8,7,-5,orange
6.79,11,7,7,-18,orange
6.71,11,8,8,-35,orange
6.76,11,7,7,-24,orange
6.77,59,8,7,60,orange
7.9,21,8,8,-67,orange
6.98,31,8,8,66,orange
6.76,29,8,8,56,orange
6.99,12,9,8,15,orange
7.28,23,8,8,-53,orange
7,22,8,8,64,orange
7.69,13,9,9,7,orange
7.87,114,8,8,93,orange
7.19,13,9,8,14,orange
6.64,11,9,8,17,orange
6.83,27,8,8,58,orange
7.52,28,9,8,-88,orange
6.79,74,8,7,-28,orange
6.83,25,8,8,-68,orange
6.74,12,9,8,17,orange
6.77,12,9,8,17,orange
7.68,15,8,8,13,orange
6.66,52,8,8,59,orange
8.25,21,9,8,-90,orange
7.06,20,8,8,66,orange
6.76,60,8,7,61,orange
6.88,51,8,7,54,orange
7.18,14,8,7,25,orange
6.75,37,8,8,58,orange
6.7,12,9,8,18,orange
6.64,35,8,8,53,orange
7.09,19,8,8,67,orange
7.74,18,8,7,-62,orange
6.74,10,7,8,-27,orange
6.99,13,7,7,-37,orange
6.79,11,7,7,-19,orange
7.41,20,8,8,-43,orange
7.13,19,8,7,32,orange
6.74,38,7,7,-20,orange
7.02,32,9,8,-88,orange
6.79,58,8,8,66,orange
7.5,77,9,8,85,orange
7.13,16,8,7,-4,orange
6.8,10,8,9,-40,orange
6.92,51,8,7,57,orange
7.31,16,8,8,-68,orange
8.28,22,9,8,-88,orange
6.93,10,8,8,-2,orange
7.09,43,8,7,74,orange
6.86,50,8,7,54,orange
6.78,50,8,7,-23,orange
6.77,18,8,8,-52,orange
7.05,14,7,7,-43,orange
7.26,13,8,8,2,orange
7.3,10,8,8,1,orange
6.86,11,9,8,12,orange
7.16,35,8,7,62,orange
6.73,13,8,8,-40,orange
7.71,108,8,8,90,orange
6.62,35,8,8,51,orange
8.28,21,8,7,-87,orange
6.93,33,9,8,-88,orange
7.08,42,8,8,74,orange
7.28,18,8,7,32,orange
6.79,58,8,7,59,orange
7.1,46,8,7,-2,orange
6.64,33,8,8,52,orange
6.88,43,8,8,65,orange
6.6,12,8,8,-12,orange
7.53,68,9,8,82,orange
7.57,8,8,9,10,red
6.92,10,8,8,27,red
7.85,34,9,7,70,red
7.23,10,8,8,22,red
7.24,9,8,8,25,red
7.2,20,8,8,-42,red
7.4,19,8,8,-23,red
7.67,8,8,9,7,red
6.79,12,8,8,54,red
7.13,20,8,8,-46,red
7.24,19,8,8,-32,red
7.09,10,9,8,26,red
7.06,10,9,8,26,red
7.41,16,8,9,-19,red
6.6,12,8,8,33,red
7.2,10,9,8,26,red
7.26,15,8,8,1,red
7.43,16,8,9,-18,red
6.6,14,8,8,35,red
7.69,15,5,8,-32,red
6.6,10,8,8,28,red
7.21,12,9,8,93,red
7.39,16,8,9,-20,red
7.72,11,8,8,-3,red
7.36,21,9,8,46,red
6.66,13,8,8,33,red
7.21,13,9,8,93,red
7.12,9,9,9,66,red
7.48,19,8,8,-22,red
6.6,13,8,8,33,red
6.64,8,9,8,24,red
6.73,12,8,8,47,red
7.57,16,5,8,-30,red
7.63,14,8,8,-11,red
7.04,14,8,8,-7,red
7.79,8,7,8,1,red
7.23,10,9,8,94,red
7.2,9,9,8,74,red
7.56,8,8,9,10,red
7.42,30,8,7,65,red
7.11,9,9,9,63,red
7.3,19,8,8,-25,red
7.25,11,8,8,18,red
7.7,15,5,8,-32,red
6.9,12,8,8,31,red
7.75,10,8,8,0,red
6.93,16,8,8,14,red
6.9,11,8,8,28,red
7.92,36,9,7,94,red
7.08,32,8,8,75,red
6.78,8,9,8,24,red
6.91,11,8,8,30,red
7.19,19,8,8,-36,red
7.35,19,8,8,-24,red
7.47,12,8,8,-20,red
7.78,8,8,9,4,red
7.65,14,8,8,-9,red
7.21,12,9,8,33,red
7,14,8,8,-4,red
7.13,9,9,9,70,red
7.59,8,8,8,12,red
6.96,10,7,8,5,red
6.68,13,8,8,43,red
7.18,17,8,8,-42,red
7.75,44,9,7,93,red
6.6,10,8,8,28,red
7.22,16,9,8,93,red
7.46,19,8,8,-19,red
6.61,14,8,7,35,red
7.61,17,6,8,-27,red
7.14,9,9,9,74,red
7.27,19,8,8,-29,red
7.58,16,8,8,-15,red
7.48,20,8,8,-23,red
7.63,16,5,8,-29,red
7.1,14,8,8,-1,red
7.54,8,8,8,13,red
7.7,15,5,8,-32,red
7.02,10,9,8,26,red
7.36,12,6,8,-15,red
7.1,11,8,8,16,red
7.27,32,9,8,75,red
7.25,25,9,8,93,red
7.26,18,6,8,-47,red
7.07,11,8,8,22,red
7.12,9,8,9,22,red
7.21,12,9,8,31,red
6.68,13,8,8,32,red
7.99,39,9,7,80,red
7.7,11,8,8,-4,red
7.88,44,9,7,93,red
7.72,11,8,8,-2,red
6.95,8,8,8,18,red
6.87,16,8,8,-30,red
7.17,10,9,8,26,red
7.28,9,8,8,23,red
6.88,9,9,8,25,red
7.31,17,6,8,-45,red
7.29,12,8,8,12,red
7.21,20,8,8,-41,red
7.35,9,8,8,21,red
7.12,19,8,8,-44,red
7.18,9,9,9,88,red
7.21,9,9,8,94,red
7.31,16,8,8,-4,red
7.34,19,8,8,-25,red
7.49,19,8,8,-22,red
7.32,10,8,8,16,red
7.52,19,8,8,-20,red
7.52,19,7,8,-23,red
6.6,13,8,8,34,red
7.59,12,8,9,-8,red
7.81,44,9,7,93,red
6.83,11,8,8,7,red
7.13,9,9,9,71,red
7.17,9,9,9,83,red
7,9,9,9,27,red
6.79,13,8,8,30,red
6.77,8,8,8,21,red
7.95,37,9,7,77,red
7.21,10,8,8,25,red
7.44,9,8,8,13,red
7.78,44,9,7,93,red
7.07,15,8,8,-9,red
7.25,19,8,8,-31,red
7.22,16,8,8,-39,red
7.78,8,8,9,2,red
7.71,43,9,7,93,red
7.55,18,8,8,-17,red
7.1,20,8,8,-49,red
7.51,14,8,9,-13,red
7.06,10,9,8,26,red
6.68,13,8,8,33,red
7.53,19,7,8,-23,red
7.48,20,8,8,-23,red
7.24,16,8,8,-8,red
6.64,8,8,8,22,red
6.6,10,8,8,28,red
7.2,9,9,8,64,red
7.08,17,9,8,43,red
7.6,8,8,9,9,red
7.15,9,8,9,21,red
7.15,9,8,8,89,red
7.29,8,8,8,12,red
7.1,24,8,7,53,red
7.02,19,8,8,-54,red
7.73,9,8,8,-1,red
7.22,20,8,8,-40,red
7.06,9,9,8,26,red
6.71,8,8,8,22,red
6.6,9,8,8,26,red
7.05,19,7,8,-54,red
7.17,17,8,8,-1,red
7.14,19,8,8,-41,red
7.63,11,8,9,-6,red
6.83,9,9,8,25,red
7.26,16,8,8,-9,red
7.79,8,8,8,2,red
7.28,15,8,8,-1,red
7.36,18,7,8,-27,red
8.08,42,9,7,94,red
6.91,12,8,8,8,red
7.38,41,9,7,93,red
6.68,9,8,8,19,red
6.88,9,9,8,25,red
7.5,19,7,8,-22,red
7.31,9,8,8,22,red
7.29,40,8,8,92,red
7.99,45,9,7,93,red
7.06,15,9,8,38,red
7.89,44,9,7,93,red
7.02,16,8,8,8,red
7.59,8,8,8,12,red
7.04,9,8,9,24,red
7.25,10,9,8,94,red
7.71,9,8,8,-2,red
7.28,12,8,8,14,red
7.2,10,8,8,26,red
7.36,41,9,7,93,red
7.4,9,8,9,15,red
7.09,9,9,9,57,red
6.79,12,8,8,32,red
6.97,11,8,8,30,red
7.17,9,9,8,26,red
7.76,8,8,9,5,red
7.79,8,7,8,0,red
6.85,11,8,8,29,red
7.08,9,9,8,26,red
7.23,20,9,8,48,red
7.51,25,9,8,55,red
6.95,9,9,8,25,red
7.06,19,8,8,-50,red
7.66,8,8,9,7,red
7.05,11,8,8,23,red
7.45,18,8,8,-13,red
7.41,9,8,8,18,red
7.99,39,9,7,80,red
7.05,10,9,8,26,red
7.07,10,8,8,28,red
6.83,8,9,8,25,red
7.01,19,8,8,-54,red
7.2,9,9,8,52,red
6.8,12,8,8,32,red
7.56,16,6,8,-30,red
7.58,34,8,7,71,red
7.23,19,9,8,93,red
7.53,8,8,9,11,red
7.49,9,8,8,12,red
7.7,27,9,8,94,red
6.6,9,8,8,27,red
7.24,18,6,8,-47,red
6.7,16,8,7,38,red
8.14,45,8,7,91,red
7.67,13,8,8,-6,red
7.51,19,8,8,-21,red
7.01,13,8,8,3,red
7.69,31,9,7,65,red
7.09,10,9,8,26,red
6.85,11,8,8,60,red
7.26,18,8,8,-6,red
8,42,8,7,86,red
7.12,16,8,8,-13,red
7.46,8,8,9,13,red
6.6,13,8,8,33,red
7.81,44,9,7,93,red
7.44,18,9,8,94,red
7.52,21,9,8,94,red
7.94,37,9,7,94,red
6.7,13,8,8,32,red
6.97,11,8,8,30,red
7.16,8,8,8,14,red
6.95,27,8,8,64,red
7.31,9,8,9,17,red
7.21,18,7,8,-49,red
7.05,20,8,8,-52,red
8.15,44,9,7,94,red
7.77,8,8,8,1,red
6.66,8,9,8,24,red
6.6,10,8,8,27,red
7.17,10,8,8,27,red
7.26,9,8,9,18,red
7.66,13,8,8,-8,red
7.55,13,8,9,-11,red
7.22,10,8,8,22,red
7.2,9,9,8,87,red
7.32,10,8,8,16,red
6.93,9,9,8,25,red
6.73,8,9,8,24,red
7.77,8,8,9,2,red
6.86,8,8,8,19,red
6.65,13,8,8,33,red
7.79,8,7,8,1,red
7.8,8,7,8,3,red
6.6,13,8,8,35,red
6.62,13,8,8,34,red
6.76,8,9,8,24,red
7.44,8,8,9,13,red
7.23,18,9,8,93,red
6.62,14,8,8,36,red
7.77,10,7,8,-7,red
6.67,8,9,8,24,red
7.79,8,7,8,0,red
7.28,35,9,8,93,red
7.59,17,6,8,-26,red
7.2,9,9,8,79,red
7.74,12,6,8,-18,red
7.21,12,9,8,93,red
7.29,36,9,8,93,red
7.38,30,8,7,63,red
6.88,12,8,8,27,red
7.13,19,8,8,-43,red
6.65,8,9,8,24,red
7.13,9,9,8,26,red
6.6,9,8,8,26,red
8.12,46,9,7,93,red
7.2,20,8,8,-42,red
7.26,29,9,8,93,red
6.6,9,8,8,27,red
7.66,13,8,8,-8,red
7.86,44,9,7,93,red
7.02,9,9,8,26,red
7.17,18,7,8,-50,red
6.8,8,9,8,24,red
6.99,16,8,8,10,red
7.27,33,9,8,76,red
6.96,16,8,8,11,red
7.09,10,9,8,26,red
7.27,32,9,8,93,red
7.2,9,9,8,42,red
7.66,15,5,8,-31,red
6.7,12,8,8,32,red
7.64,11,8,9,-5,red
7.23,33,9,8,77,red
6.76,12,8,8,31,red
7.17,8,8,8,14,red
7.06,19,7,8,-54,red
7.51,16,6,8,-29,red
7.11,10,9,8,26,red
7.14,19,7,8,-51,red
7.3,19,8,8,-25,red
6.6,11,8,8,30,red
7.26,16,8,8,-36,red
7.19,9,9,9,91,red
7.2,9,9,8,32,red
7.64,15,5,8,-34,red
7.45,19,8,8,-23,red
7.5,21,9,7,47,red
7.25,38,8,8,88,red
7.35,18,8,8,-14,red
7.16,9,9,9,79,red
7.2,9,9,8,74,red
7.2,10,9,8,26,red
7.15,20,8,8,-45,red
6.54,9,5,7,-62,yellow
7.43,24,8,7,-81,yellow
7.18,144,6,6,21,yellow
6.5,9,7,7,-105,yellow
6.5,13,8,7,-41,yellow
6.97,30,9,7,68,yellow
6.63,11,6,7,-64,yellow
7.11,8,8,8,109,yellow
7.74,31,7,7,-21,yellow
6.99,123,6,6,51,yellow
6.69,63,5,6,-111,yellow
6.78,76,6,6,-106,yellow
6.8,13,7,7,-69,yellow
6.77,34,6,6,10,yellow
6.5,12,7,7,-76,yellow
6.5,11,7,7,-111,yellow
7.19,21,7,7,-5,yellow
6.74,19,7,7,-99,yellow
7.84,27,9,8,57,yellow
6.82,13,8,7,-79,yellow
7.79,22,9,7,53,yellow
8.22,18,9,7,3,yellow
7.62,23,9,7,9,yellow
6.76,14,8,7,-67,yellow
6.5,9,9,8,-28,yellow
7.45,24,8,7,-81,yellow
7.35,24,8,7,-32,yellow
7.1,101,8,6,-80,yellow
7.19,144,6,6,22,yellow
7.42,124,7,7,-40,yellow
6.58,13,6,7,-46,yellow
6.77,13,7,7,-69,yellow
6.5,10,6,7,-52,yellow
6.92,27,9,7,65,yellow
6.5,14,8,7,-48,yellow
6.88,14,8,7,-79,yellow
7.1,145,6,6,55,yellow
6.9,18,9,8,112,yellow
6.68,11,6,8,-36,yellow
7.38,68,7,7,-104,yellow
7.06,144,6,6,35,yellow
7.49,145,7,6,119,yellow
7.7,78,8,7,-115,yellow
6.88,14,8,7,-33,yellow
6.9,120,6,6,-110,yellow
6.64,53,7,6,116,yellow
7.17,16,8,8,24,yellow
6.57,11,7,7,-103,yellow
6.98,135,5,6,11,yellow
7.18,146,7,6,48,yellow
6.5,16,5,7,-73,yellow
6.5,9,6,7,-104,yellow
6.55,9,8,7,-31,yellow
7.01,19,7,7,-113,yellow
6.54,11,6,7,-101,yellow
7.38,106,7,7,-54,yellow
7,44,6,7,28,yellow
7.45,24,8,7,-81,yellow
7.18,26,7,7,-14,yellow
6.74,12,8,7,-71,yellow
6.96,18,8,7,-34,yellow
7.1,23,7,7,-1,yellow
6.95,134,6,6,-116,yellow
8.19,24,8,8,51,yellow
7.1,145,6,6,55,yellow
6.93,11,9,7,13,yellow
6.81,10,4,7,-35,yellow
6.62,10,8,7,-74,yellow
6.5,12,9,8,-35,yellow
7.43,26,8,7,-116,yellow
6.95,22,9,7,107,yellow
6.74,35,7,7,118,yellow
7.44,15,9,6,30,yellow
7.34,24,8,7,-2,yellow
6.81,24,8,8,-127,yellow
7.65,21,7,8,33,yellow
6.95,29,9,7,67,yellow
7.49,16,8,7,46,yellow
6.78,39,8,6,110,yellow
6.56,14,6,7,-103,yellow
7.45,76,7,7,-115,yellow
7.7,19,8,7,28,yellow
6.77,21,8,7,-124,yellow
7.5,126,8,7,69,yellow
6.5,9,5,7,-58,yellow
6.85,82,6,6,-43,yellow
6.92,108,6,6,45,yellow
6.75,16,8,7,-35,yellow
7.3,21,9,8,9,yellow
6.71,12,8,7,48,yellow
6.59,10,8,7,-35,yellow
7.14,47,7,6,-115,yellow
7.47,138,7,6,-18,yellow
6.68,20,7,7,-4,yellow
7.51,24,8,7,-31,yellow
7.76,22,8,7,-4,yellow
6.62,15,6,7,-73,yellow
6.69,12,6,7,-66,yellow
6.54,17,6,7,-75,yellow
7.1,22,8,7,-106,yellow
6.54,9,8,7,-30,yellow
6.5,8,6,7,-69,yellow
7.59,88,7,7,-115,yellow
6.7,40,7,7,118,yellow
7.47,26,8,7,-112,yellow
7.54,39,8,7,-127,yellow
6.93,27,9,7,65,yellow
7.7,21,8,8,32,yellow
6.72,10,5,7,-35,yellow
7.85,135,8,6,-34,yellow
7.28,74,7,7,-115,yellow
6.99,30,8,6,-45,yellow
7.7,16,8,7,24,yellow
7.97,23,8,8,43,yellow
6.5,11,9,8,-32,yellow
7.62,117,8,7,-57,yellow
7.5,133,7,7,89,yellow
6.81,38,6,6,10,yellow
7.17,20,7,7,105,yellow
6.84,33,8,6,108,yellow
6.53,12,8,8,-36,yellow
6.86,9,3,8,-34,yellow
7.11,145,7,6,58,yellow
6.6,14,9,7,12,yellow
6.7,14,8,7,-63,yellow
7.52,26,8,7,-114,yellow
6.74,14,8,7,51,yellow
6.5,8,8,7,-75,yellow
7.5,126,8,7,69,yellow
6.97,114,6,6,43,yellow
7.29,23,8,7,-114,yellow
6.5,17,7,7,-125,yellow
7.7,16,8,6,23,yellow
7.57,26,8,7,-31,yellow
6.95,13,3,7,-35,yellow
6.98,26,8,7,105,yellow
7.42,24,8,7,-81,yellow
7.84,22,8,8,38,yellow
6.68,18,6,7,-76,yellow
6.73,17,7,7,-103,yellow
6.76,15,8,7,53,yellow
7.39,23,7,7,-81,yellow
7.13,27,5,6,-39,yellow
7.29,17,8,8,26,yellow
7.2,141,5,6,-6,yellow
6.83,83,7,6,-99,yellow
6.62,54,7,6,117,yellow
7.56,78,7,7,-115,yellow
7.91,23,8,8,41,yellow
6.77,16,6,7,-115,yellow
7.13,17,7,7,105,yellow
7.09,142,5,6,-2,yellow
7.26,142,7,6,35,yellow
7.05,13,7,7,107,yellow
6.55,16,6,7,-74,yellow
7,10,7,7,109,yellow
6.87,31,8,6,107,yellow
6.66,11,6,8,-36,yellow
6.9,5,7,7,111,yellow
6.53,10,7,7,-103,yellow
6.5,18,7,7,-124,yellow
7.11,17,8,7,-32,yellow
6.9,108,5,6,43,yellow
6.63,11,8,6,-35,yellow
7.07,22,5,7,-37,yellow
7.2,24,8,7,-119,yellow
6.5,14,7,7,-116,yellow
7.03,143,5,6,18,yellow
7.6,137,7,6,-24,yellow
6.53,9,8,7,-30,yellow
6.67,49,7,6,115,yellow
6.74,17,7,7,-103,yellow
7.23,27,7,6,-80,yellow
6.85,78,6,6,-42,yellow
7.9,114,9,7,-44,yellow
7.18,21,7,7,104,yellow
6.5,8,6,7,-68,yellow
7.72,15,9,7,7,yellow
6.88,89,7,6,-94,yellow
6.61,13,6,7,-108,yellow
8.06,27,8,7,49,yellow
6.5,9,8,7,-31,yellow
7.39,44,8,7,-124,yellow
7.48,89,7,6,-48,yellow
7.17,20,7,7,105,yellow
6.53,12,8,8,-36,yellow
7.2,22,8,7,-79,yellow
6.93,36,6,6,9,yellow
6.75,12,8,7,-71,yellow
6.94,41,6,6,22,yellow
6.95,36,6,6,9,yellow
6.51,10,6,7,-110,yellow
6.5,10,6,7,-112,yellow
7.45,36,7,7,36,yellow
6.91,26,8,8,-127,yellow
7.06,138,6,6,55,yellow
7.66,80,8,7,-113,yellow
7.59,28,8,6,-115,yellow
7.62,48,8,8,-124,yellow
6.61,10,8,7,-74,yellow
6.5,9,8,7,-29,yellow
6.9,8,8,8,117,yellow
8.2,17,9,6,8,yellow
6.67,15,7,7,-102,yellow
7.41,23,9,7,-80,yellow
6.6,7,7,7,37,yellow
7.34,32,7,7,30,yellow
6.9,28,8,6,106,yellow
7.41,25,8,7,0,yellow
7.73,22,8,8,34,yellow
6.81,61,6,6,-115,yellow
6.82,38,6,6,12,yellow
7.35,123,7,7,-80,yellow
6.72,12,7,7,-67,yellow
6.78,77,6,6,-105,yellow
6.9,108,5,6,44,yellow
7.13,18,9,7,-79,yellow
6.66,17,6,7,-98,yellow
7.41,24,8,7,-81,yellow
6.75,15,7,7,-112,yellow
7.19,21,7,7,104,yellow
6.81,14,8,7,-70,yellow
7.47,24,9,7,-80,yellow
7.26,23,8,7,-6,yellow
6.9,9,8,8,118,yellow
7.17,45,7,6,-115,yellow
7.89,93,8,6,-52,yellow
6.52,9,7,7,-103,yellow
6.54,14,6,7,-105,yellow
7.58,116,7,7,-60,yellow
6.71,12,5,7,-42,yellow
6.73,18,7,7,-99,yellow
7.3,22,9,7,8,yellow
7.74,20,8,7,-3,yellow
6.5,11,7,7,-45,yellow
7.14,20,8,7,-110,yellow
6.5,10,6,7,-113,yellow
8.12,34,8,7,-28,yellow
7.6,35,9,7,-124,yellow
8.14,25,9,8,52,yellow
7.13,32,9,8,68,yellow
6.9,19,9,7,111,yellow
7.37,32,8,7,14,yellow
7.09,27,7,6,-2,yellow
7.06,143,5,6,8,yellow
7.65,55,8,7,-115,yellow
7.29,119,7,7,61,yellow
6.91,22,7,7,-7,yellow
8.45,20,8,7,0,yellow
7.58,38,8,7,-127,yellow
7,42,6,6,27,yellow
6.59,13,6,7,-108,yellow
7.34,21,8,7,-31,yellow
6.5,9,7,7,-106,yellow
8.23,18,9,7,2,yellow
7.81,129,8,7,-43,yellow
7.75,136,8,6,-30,yellow
8.06,32,8,7,-28,yellow
6.9,13,9,8,116,yellow
7.64,13,9,6,19,yellow
8.33,21,9,7,1,yellow
7.25,42,7,6,-115,yellow
7.91,23,8,8,40,yellow
7.65,23,7,8,32,yellow
6.87,11,9,7,13,yellow
7.85,93,8,6,-51,yellow
7.48,142,7,6,120,yellow
7.04,51,7,6,-115,yellow
6.5,9,9,8,-29,yellow
